Entity2,Entity1
http://conference_fr#c-1108433-7666814,http://cmt_nl#c-4994957-2932971
http://conference_fr#c-1144806-8351930,http://cmt_nl#c-4994957-2932971
http://conference_fr#c-1336674-2865929,http://cmt_nl#c-4695512-1959604
http://conference_fr#c-2137518-8698390,http://cmt_nl#c-0744921-3144577
http://conference_fr#c-3342042-5675432,http://cmt_nl#c-9971141-2642146
http://conference_fr#c-4658574-0728050,http://cmt_nl#c-1467412-7387436
http://conference_fr#c-6346146-1101677,http://cmt_nl#c-4994957-2932971
http://conference_fr#c-7085569-5090093,http://cmt_nl#c-4855446-2072057
http://conference_fr#c-7407680-8155595,http://cmt_nl#c-4951597-8295121
http://conference_fr#c-7424381-8262219,http://cmt_nl#c-0406770-7176287
http://conference_fr#c-9103455-5114652,http://cmt_nl#c-1467412-7387436
http://conference_fr#op-3589519-7329921,http://cmt_nl#op-6218286-1433549
http://conference_fr#op-7483997-8755722,http://cmt_nl#op-1611615-2768409
