entity,source_or_target,entity_type,initial_matching,lexical_matching,graphical_matching
source:Meta-Reviewer,Source,Class,Meta Reviewer,"In the context of a conference, a Meta-Reviewer is a special type of reviewer who has the ability to review all the reviews submitted for a particular paper and provide their own review. Their role is to ensure that the reviews are of high quality and consistent with each other. The use of Meta-Reviewers is optional and must be determined before the paper assignment process begins.",Meta-Reviewer subClassOf Reviewer. Read by Meta-Reviewer range Meta-Reviewer.
source:Reviewer,Source,Class,Reviewer,"A reviewer in the context of a conference is an individual who evaluates and provides feedback on research papers submitted for presentation at the conference. Reviewers are typically experts in the field related to the conference topic and are responsible for assessing the quality, relevance, and originality of the submissions. Their feedback helps conference organizers make decisions on which papers to accept for presentation.","Reviewer disjoint with Author Not Reviewer. Reviewer disjointWith ExternalReviewer. Reviewer is a subclass of ConferenceMember. Reviewer is a subclass of User. Meta-Reviewer is a subclass of Reviewer. ExternalReviewer disjointWith Reviewer. AuthorNotReviewer disjointWith Reviewer. Assign reviewer range reviewer. Assigned by administrator domain reviewer. Adjust bid domain reviewer. Read paper domain reviewer. Adjusted by range Reviewer. ""hasBeenAssigned domain Reviewer."" Assigned by reviewer range reviewer. Assigned to range Reviewer. Read by reviewer range reviewer. Written by Range Reviewer. Write review domain reviewer. Assign external reviewer domain reviewer."
source:Decision,Source,Class,Decision,"In the context of a conference, a decision refers to a conclusion or resolution reached by the participants after discussing and deliberating on a particular topic or issue. Decisions made during a conference can range from selecting a course of action, setting goals, allocating resources, or determining next steps. These decisions are typically documented in meeting minutes or official reports to ensure accountability and follow-up.",Decision disjointWith Person. Decision disjointWith Document. Decision disjointWith Preference. Decision disjointWith ProgramCommittee. Decision disjointWith Bid. Decision disjointWith Conference. Program Committee disjoint with Decision. Preference disjointWith Decision. Acceptance is a subclass of Decision. Bid disjointWith Decision. Person is disjoint with Decision. Document disjointWith Decision. Conference disjointWith Decision. Rejection is a subclass of Decision. Decision range has Decision.
source:Person,Source,Class,Person,"In the context of a conference, a person refers to an individual who is attending or participating in the event. This could include speakers, presenters, attendees, organizers, and any other individuals involved in the conference. Each person plays a role in contributing to the overall success and experience of the conference.","Person disjointWith Preference. Person is disjoint with ProgramCommittee. Person is disjoint with Bid. Person is disjoint with Conference. Person disjointWith Decision. Person is disjoint with Document. Decision disjointWith Person. ProgramCommitteeMember is a subclass of Person. ConferenceMember is a subclass of Person. ""ExternalReviewer is a subclass of Person."" Program Committee is disjoint with Person. Preference disjointWith Person. Chairman is a subclass of Person. Bid disjointWith Person. User is a subclass of Person. Document disjointWith Person. Conference is disjoint with Person. The domain Person has conflict of interest. Email domain Person."
source:Document,Source,Class,Document,"In the context of a conference, a document refers to any written or printed material that is used for reference, information, or communication during the event. This can include agendas, schedules, presentations, reports, handouts, and any other materials that are distributed to attendees or used by speakers during the conference. Documents are essential for providing information, guiding discussions, and ensuring that all participants are on the same page.",Document disjointWith Bid. Document disjointWith Decision. Document disjointWith ProgramCommittee. Document disjointWith Conference. Document disjointWith Person. Document disjointWith Preference. Decision disjointWith Document. Program Committee is disjoint with Document. Preference disjointWith Document. Review subClassOf Document. Bid disjointWith Document. Paper is a subclass of Document. Person is disjoint with Document. Conference is disjoint with Document. Has conflict of interest range document.
source:Preference,Source,Class,Preference,"In the context of a conference, preference refers to the selection or choice of a particular option, topic, speaker, or session over others. It reflects the individual's or group's inclination or favor towards a specific aspect of the conference program. Preferences can vary based on personal interests, professional needs, or relevance to the conference theme. Organizers may ask attendees to indicate their preferences in order to tailor the conference program to better meet the needs and expectations of participants.",Preference disjointWith ProgramCommittee. Preference disjointWith Person. Preference disjointWith Decision. Preference disjointWith Document. Preference disjointWith Conference. Preference disjointWith Bid. Decision disjointWith Preference. Program Committee disjoint with Preference. Bid disjointWith Preference. Person disjointWith Preference. Document disjointWith Preference. Conference disjointWith Preference.
source:ProgramCommittee,Source,Class,Program Committee,"The Program Committee is a group of individuals responsible for reviewing and selecting the papers, presentations, and speakers that will be included in a conference program. They are typically experts in the field or topic of the conference and are tasked with ensuring that the content presented at the conference is of high quality and relevance to the audience. The Program Committee plays a crucial role in shaping the overall agenda and content of the conference.",Program Committee is disjoint with Person. Program Committee is disjoint with Conference. Program Committee disjoint with Preference. Program Committee disjoint with Decision. Program Committee disjoint with Bid. Program Committee disjoint with Document. Decision disjointWith ProgramCommittee. Preference disjointWith ProgramCommittee. Bid disjointWith ProgramCommittee. Person is disjoint with ProgramCommittee. Document disjointWith ProgramCommittee. Conference disjointWith ProgramCommittee. The sentence is: 'The domain ProgramCommittee has a ProgramCommitteeMember.' Member of Program Committee range Program Committee.
source:Bid,Source,Class,Bid,"In the context of a conference, a bid refers to a formal proposal submitted by a city, organization, or company to host a specific conference or event. Bids typically include details such as proposed venue, dates, budget, and any additional services or amenities that would be provided to attendees. Conference organizers review bids and select the most suitable option for hosting the event.",Bid disjointWith Document. Bid disjointWith Preference. Bid disjointWith ProgramCommittee. Bid disjointWith Conference. Bid disjointWith Decision. Bid disjointWith Person. Decision disjointWith Bid. Program Committee disjoint with Bid. Preference disjointWith Bid. Person is disjoint with Bid. Document disjointWith Bid. Conference disjointWith Bid. Bid range has bid. Adjust bid range bid. Adjusted by domain bid.
source:Conference,Source,Class,Conference,"A conference is a formal meeting where individuals gather to discuss a particular topic, share information, exchange ideas, and make decisions. Conferences can be held for various purposes such as academic, business, professional development, or networking. They typically involve presentations, workshops, panel discussions, and networking opportunities.",Conference disjointWith Preference. Conference disjointWith Decision. Conference is disjoint with Person. Conference disjointWith Bid. Conference disjointWith ProgramCommittee. Conference is disjoint with Document. Decision disjointWith Conference. Program Committee is disjoint with Conference. Preference is disjoint with Conference. Bid disjointWith Conference. Person is disjoint with Conference. Document disjointWith Conference. Finalize paper assignment for the conference. The domain Conference has a ConferenceMember. Run paper assignment tools range conference. Enable virtual meeting range conference. Start reviewer bidding range conference. Paper assignment finalized by domain conference. Review criteria entered by domain conference. Paper Assignment Tools Run By Domain Conference. Virtual meeting enabled by Domain Conference. Hardcopy mailing manifests printed by Domain Conference. Enter conference details range conference. Member of conference range conference. Print hard copy mailing manifests for the range conference. Details entered by the domain conference. Reviewer bidding started by domain conference. Enter review criteria range conference. Date domain Conference. Reviews per paper domain conference. Logo URL domain Conference. Accepts hard copy submissions for the conference. Site URL domain Conference.
source:ConferenceChair,Source,Class,Conference Chair,"A ConferenceChair is a person who is responsible for organizing and overseeing a conference. They are typically in charge of coordinating the logistics of the event, selecting speakers and topics, managing the schedule, and ensuring that everything runs smoothly. The ConferenceChair may also be responsible for promoting the conference, securing sponsors, and handling any issues that arise during the event.",ConferenceChair is a subclass of ConferenceMember. ConferenceChair disjointWith AssociatedChair. Associated Chair is disjoint with Conference Chair.
source:ConferenceMember,Source,Class,Conference Member,"A ConferenceMember refers to an individual who is a participant or attendee at a conference. This person may be a speaker, presenter, panelist, exhibitor, sponsor, or simply someone who is attending the conference to learn and network with others in their industry or field. The term ConferenceMember is used to collectively refer to all individuals who are actively involved in the conference in some capacity.",ConferenceMember is a subclass of Person. ConferenceChair is a subclass of ConferenceMember. ProgramCommitteeMember is a subclass of ConferenceMember. Author is a subclass of ConferenceMember. Reviewer is a subclass of ConferenceMember. AssociatedChair is a subclass of ConferenceMember. Has conference member range conference member. Member of Conference domain Conference Member.
source:AssociatedChair,Source,Class,Associated Chair,"In the context of a conference, an Associated Chair is a person who assists the Chairperson in organizing and running the conference. They may help with tasks such as coordinating speakers, managing logistics, and overseeing the overall flow of the event. The Associated Chair is typically a senior member of the organizing committee and plays a key role in ensuring the success of the conference.",The AssociatedChair is a subclass of ConferenceMember. Associated Chair disjoint with Conference Chair. Conference Chair is disjoint with Associated Chair.
source:ProgramCommitteeMember,Source,Class,Program Committee Member,"In the context of a conference, a Program Committee Member is a participant who is responsible for reviewing and selecting submissions, organizing the conference program, and ensuring the overall quality and success of the event. They play a crucial role in shaping the content and structure of the conference, as well as in facilitating discussions and networking opportunities among attendees. Program Committee Members are typically experts in their field and are chosen for their knowledge, experience, and dedication to advancing the goals of the conference.",ProgramCommitteeMember is a subclass of Person. ProgramCommitteeMember is a subclass of ConferenceMember. Program Committee Member is disjoint with Author Not Reviewer. ProgramCommitteeChair is a subclass of ProgramCommitteeMember. AuthorNotReviewer disjointWith ProgramCommitteeMember. Has program committee member range program committee member. Member of Program Committee domain Program Committee Member. Set max papers range program committee member. Max Papers domain Program Committee Member. Added by domain ProgramCommitteeMember. Add Program Committee Member range Program Committee Member.
source:AuthorNotReviewer,Source,Class,Author Not Reviewer,"AuthorNotReviewer refers to a participant in a conference who has submitted a paper or presentation for consideration, but is not serving as a reviewer for other submissions. This individual is solely focused on presenting their own work and engaging with other attendees, rather than evaluating the work of others.",AuthorNotReviewer disjointWith ProgramCommitteeMember. AuthorNotReviewer disjointWith Reviewer. AuthorNotReviewer is a subclass of Author. Program Committee Member is disjoint with Author Not Reviewer. Reviewer disjoint with Author Not Reviewer.
source:SubjectArea,Source,Class,Subject Area,"SubjectArea in the context of a conference refers to the specific field or topic that the conference is focused on. It helps to categorize and organize the presentations, discussions, and research that will be presented at the conference. SubjectArea can range from broad topics such as technology or healthcare to more specific areas such as artificial intelligence or cancer research. It helps attendees to identify which sessions and presentations are most relevant to their interests and expertise.",The range of hasSubjectArea is SubjectArea.
source:ExternalReviewer,Source,Class,External Reviewer,"In the context of a conference, an ExternalReviewer refers to a person who has been invited to review a paper submitted for presentation at the conference by a different reviewer. This individual is not officially part of the conference's review committee but has been asked to provide an external perspective on the paper in question. Their feedback and evaluation are considered valuable in ensuring the quality and credibility of the conference proceedings.","""ExternalReviewer is a subclass of Person."" ExternalReviewer disjointWith Reviewer. Reviewer disjointWith ExternalReviewer. Assigned by reviewer domain external reviewer. Assign external reviewer range external reviewer."
source:Chairman,Source,Class,Chairman,"In the context of a conference, the Chairman is the person who presides over the meeting and ensures that it runs smoothly and according to the agenda. The Chairman is responsible for maintaining order, facilitating discussions, and making decisions on procedural matters. They may also have the authority to call on speakers, manage time limits, and guide the overall direction of the conference.",Chairman is a subclass of Person.
source:ProgramCommitteeChair,Source,Class,Program Committee Chair,"The Program Committee Chair is responsible for overseeing the selection and organization of presentations, panels, and workshops for a conference. They work closely with the program committee members to review and select submissions, create the conference schedule, and ensure that the program aligns with the conference theme and goals. The Program Committee Chair plays a key role in shaping the overall content and structure of the conference program.",ProgramCommitteeChair is a subclass of ProgramCommitteeMember. End review domain program committee chair.
source:Acceptance,Source,Class,Acceptance,"Acceptance in the context of a conference refers to the process of reviewing and approving submissions, such as papers, presentations, or proposals, for inclusion in the conference program. When a submission is accepted, it means that the organizers have deemed it to be of high quality and relevant to the conference theme, and it will be scheduled for presentation at the event. Acceptance is typically communicated to the authors or presenters through an acceptance notification.",Acceptance disjointWith Rejection. Acceptance is a subclass of Decision. Rejection disjointWith Acceptance.
source:Rejection,Source,Class,Rejection,"In the context of a conference, rejection refers to the decision made by the organizers or reviewers to not accept a submitted paper, presentation, or proposal for inclusion in the conference program. This decision is typically based on factors such as the quality of the submission, relevance to the conference theme, and adherence to submission guidelines. Rejection can be disappointing for the authors or presenters, but it is a common part of the conference review process.",Rejection disjointWith Acceptance. Rejection is a subclass of Decision. Acceptance disjointWith Rejection.
source:Review,Source,Class,Review,"In the context of a conference, a review typically refers to the evaluation or assessment of a submitted paper, presentation, or research project by peers or experts in the field. Reviews are often conducted to determine the quality, relevance, and originality of the work and to provide feedback to the authors for potential improvements. Reviews are an important part of the conference submission and selection process, as they help ensure the overall quality of the conference program.","Review disjointWith Paper. Review is a subclass of Document. Paper disjointWith Review. Meta-Review is a subclass of Review. End review range review. The sentence is: ""Written by domain Review."" Verbalised: Written by domain Review. Write review range review."
source:Paper,Source,Class,Paper,"In the context of a conference, a paper refers to a written document that presents research findings, analysis, or ideas on a specific topic. Papers are typically submitted by researchers, scholars, or experts in a particular field to be presented at a conference for discussion and dissemination of knowledge. Papers are often peer-reviewed before being accepted for presentation at a conference.",Paper is a subclass of Document. Paper disjointWith Review. Review disjointWith Paper. PaperAbstract is a subclass of Paper. PaperFullVersion is a subclass of Paper. Paper domain hasCo-author. Reject paper range paper. Has bid domain paper. Read paper range paper. Mark Conflict of Interest Range Paper. Co-write paper range paper. Has been assigned range paper. The domain Paper hasDecision. Paper is assigned to the domain. The domain Paper has subject area. Submit paper range paper. Read by reviewer domain paper. PaperID domain Paper. Title domain paper. Accept paper range paper. The domain Paper hasAuthor. The domain Paper is accepted. The domain Paper is rejected. Read by meta-reviewer domain paper. Write paper range paper.
source:Author,Source,Class,Author,"In the context of a conference, an author refers to an individual who has written or contributed to a paper, presentation, or research study that is being presented at the conference. Authors are typically recognized for their work and may be invited to present their findings or participate in panel discussions related to their research.",Author is a subclass of ConferenceMember. Author is a subclass of User. Co-author is a subclass of Author. AuthorNotReviewer is a subclass of Author. Submit paper domain author. The range Author hasAuthor. Write paper domain author.
source:User,Source,Class,User,"In the context of a conference, a user typically refers to an individual who is attending or participating in the conference. This could include attendees, speakers, presenters, organizers, or any other individual involved in the event. Users may interact with each other, engage in discussions, attend sessions, and participate in various activities during the conference.",User is a subclass of Person. Author is a subclass of User. Reviewer is a subclass of User. Administrator is a subclass of User.
source:Co-author,Source,Class,Co author,"A co-author is someone who has collaborated with the primary author in writing a paper, article, or research study. They have contributed significantly to the content and research of the work and are listed as an author alongside the primary author.",Co-author is a subclass of Author. Has co-author range co-author. Co-write paper domain co-author.
source:PaperAbstract,Source,Class,Paper Abstract,"A Paper Abstract is a brief summary of a research paper or presentation that is typically submitted to a conference for consideration. It provides an overview of the main points and findings of the paper, allowing conference organizers to quickly assess the relevance and quality of the research. The abstract is usually limited to a certain word count or character limit and should concisely convey the key aspects of the paper to attract the interest of potential readers or attendees.",PaperAbstract is a subclass of Paper.
source:PaperFullVersion,Source,Class,Paper Full Version,"PaperFullVersion refers to a complete and detailed version of a research paper or article that is presented at a conference. This version typically includes all the necessary sections such as abstract, introduction, methodology, results, discussion, and conclusion, as well as references and any supplementary materials. It is the final version of the paper that is submitted for review and presentation at the conference.",PaperFullVersion is a subclass of Paper.
source:Administrator,Source,Class,Administrator,"In the context of a conference, an administrator is a person responsible for overseeing and managing the logistical and operational aspects of the event. This may include tasks such as coordinating schedules, managing registrations, handling finances, and ensuring that all necessary resources are in place for the conference to run smoothly. Administrators play a crucial role in ensuring that the conference is organized and successful.","Administrator is a subclass of User. Finalize paper assignment domain administrator. Run paper assignment tools domain administrator. Enable virtual meeting domain administrator. Start reviewer bidding domain administrator. Paper assignment finalized by Range Administrator. Assign reviewer domain administrator. Review criteria entered by range administrator. Reject paper domain administrator. Assigned by administrator, range administrator. Paper assignment tools run by Range Administrator. Virtual meeting enabled by range administrator. Hardcopy mailing manifests printed by Range Administrator. Enter conference details domain administrator. Print hardcopy mailing manifests domain administrator. Set max papers domain administrator. Details entered by range administrator. Reviewer bidding started by Range Administrator. Enter review criteria domain administrator. Accept paper domain administrator. Range Administrator added. Accepted by range administrator. Rejected by range Administrator. Add Program Committee Member domain Administrator."
source:Meta-Review,Source,Class,Meta Review,"A meta-review in the context of a conference refers to a review of reviews. It involves analyzing and summarizing the findings and conclusions of multiple individual reviews on a particular topic or research area. Meta-reviews provide a comprehensive overview of the existing literature and help identify common themes, trends, and gaps in knowledge. They are often used to inform decision-making, policy development, and future research directions.",Meta-Review is a subclass of Review.
source:assignedByReviewer,Source,Property,assigned By Reviewer,"AssignedByReviewer refers to the process in which a reviewer is assigned a specific paper or presentation to evaluate and provide feedback on during a conference. This assignment is typically made by the conference organizers or program committee based on the expertise and background of the reviewer. The reviewer is responsible for critically assessing the quality, relevance, and originality of the submission and providing constructive feedback to the authors.",Assigned by reviewer range reviewer. Assigned by reviewer is the inverse of assign external reviewer. Assigned by reviewer domain external reviewer. Assign external reviewer is the inverse of assigned by reviewer.
source:hasDecision,Source,Property,has Decision,"In the context of a conference, ""hasDecision"" typically refers to a status or attribute assigned to a submission or proposal that indicates a decision has been made regarding its acceptance or rejection for presentation at the conference. This decision could be made by the conference organizers, reviewers, or program committee based on the quality, relevance, and originality of the submission. The ""hasDecision"" status helps track the progress of submissions and communicate the outcome to the authors.",The domain Paper hasDecision. Decision range has Decision.
source:readByReviewer,Source,Property,read By Reviewer,ReadByReviewer refers to the status of a paper or submission that has been reviewed by a reviewer during a conference. This status indicates that the reviewer has read and evaluated the submission according to the conference's criteria and guidelines.,Read by reviewer range reviewer. Read by reviewer domain paper. Read by reviewer is the inverse of read paper. Read paper is the inverse of read by reviewer.
source:hasConflictOfInterest,Source,Property,has Conflict Of Interest,"In the context of a conference, ""hasConflictOfInterest"" refers to a situation where a participant or speaker has a personal or financial interest that could potentially influence their objectivity or decision-making in relation to the conference proceedings. This could include receiving funding or gifts from a company whose products or services are being discussed at the conference, or having a personal relationship with someone involved in the conference organization. Disclosing conflicts of interest is important in maintaining transparency and ensuring the integrity of the conference.",The domain Person has conflict of interest. Has conflict of interest range document.
source:finalizePaperAssignment,Source,Property,Finalize Paper Assignment,"FinalizePaperAssignment refers to the process of officially assigning a paper or presentation topic to a specific presenter or author for a conference. This typically involves confirming the topic, author, and any other relevant details, and ensuring that all necessary arrangements are in place for the presentation to take place at the conference.",Finalize paper assignment domain administrator. Finalize paper assignment inverse of paper assignment finalized by. Finalize paper assignment for the conference. Paper assignment finalized by is the inverse of finalize paper assignment.
source:paperAssignmentFinalizedBy,Source,Property,paper Assignment Finalized By,"In the context of a conference, ""paperAssignmentFinalizedBy"" likely refers to the process or entity responsible for finalizing the assignment of papers to reviewers or sessions. This could involve determining which papers will be presented at the conference, assigning them to specific reviewers for evaluation, or organizing them into sessions based on their topic or theme.",Paper assignment finalized by Range Administrator. Paper assignment finalized by domain conference. Paper assignment finalized by is the inverse of finalize paper assignment. Finalize paper assignment inverse of paper assignment finalized by.
source:hasConferenceMember,Source,Property,has Conference Member,"HasConferenceMember refers to a property or attribute that indicates whether a particular individual or entity is a member of a conference. This could be used in a database or system to track and manage the participants of a conference, event, or meeting.",Has conference member range conference member. The domain Conference has a ConferenceMember. Has conference member is the inverse of member of conference. Has conference member is the inverse of member of conference.
source:memberOfConference,Source,Property,Member Of Conference,"memberOfConference refers to an individual who is a part of a conference or event as a participant, speaker, organizer, or attendee. This term is used to identify individuals who are affiliated with the conference in some capacity.",Member of Conference domain Conference Member. The member of conference is the inverse of has conference member. Member of conference range conference. The inverse of memberOfConference is hasConferenceMember.
source:runPaperAssignmentTools,Source,Property,run Paper Assignment Tools,"In the context of a conference, runPaperAssignmentTools refers to the process of using software or tools to assign papers to reviewers or sessions. This typically involves inputting information about the papers and reviewers, and then using the tools to automatically assign papers based on criteria such as expertise, preferences, and workload distribution. This helps streamline the paper assignment process and ensure that papers are reviewed by appropriate reviewers.",Run paper assignment tools range conference. Run paper assignment tools domain administrator. Run Paper Assignment Tools inverse of Paper Assignment Tools Run By. Paper assignment tools are run by the inverse of run paper assignment tools.
source:paperAssignmentToolsRunBy,Source,Property,paper Assignment Tools Run By,"In the context of a conference, ""paperAssignmentToolsRunBy"" likely refers to the tools or software used to assign papers to reviewers or committee members for evaluation and feedback. This could include systems for managing the submission and review process, assigning papers to reviewers based on their expertise, tracking the progress of reviews, and ultimately making decisions on which papers to accept for presentation at the conference.",Paper assignment tools are run by the inverse of run paper assignment tools. Paper assignment tools run by Range Administrator. Paper assignment tools run by Domain Conference. Run Paper Assignment Tools inverse of Paper Assignment Tools Run By.
source:enableVirtualMeeting,Source,Property,enable Virtual Meeting,"EnableVirtualMeeting refers to the feature or functionality that allows participants to join a conference or meeting virtually, typically through video conferencing or online platforms. This enables remote participants to participate in the meeting without physically being present at the location where the conference is taking place.",Enable virtual meeting domain administrator. Enable virtual meeting range conference. Enable virtual meeting is the inverse of virtual meeting enabled by. Virtual meeting is enabled by the inverse of enabling virtual meeting.
source:virtualMeetingEnabledBy,Source,Property,virtual Meeting Enabled By,"In the context of a conference, ""virtualMeetingEnabledBy"" refers to the capability or feature that allows participants to attend or participate in the conference remotely through virtual meeting platforms or technology. This could include features such as video conferencing, live streaming, online chat, or other virtual communication tools that enable remote participation in the conference.",Virtual meeting enabled by Domain Conference. Virtual meeting enabled by range administrator. Virtual meeting is enabled by the inverse of enable virtual meeting. Enable virtual meeting is the inverse of virtual meeting enabled by.
source:hasProgramCommitteeMember,Source,Property,has Program Committee Member,"In the context of a conference, ""hasProgramCommitteeMember"" refers to a person who is a member of the program committee for the conference. The program committee is responsible for reviewing and selecting the papers, presentations, and speakers that will be included in the conference program. Members of the program committee are typically experts in the field related to the conference topic and play a crucial role in ensuring the quality and relevance of the content presented at the conference.",Has program committee member domain program committee. Has program committee member inverse of member of program committee. Has program committee member range program committee member. Has program committee member is the inverse of member of program committee.
source:memberOfProgramCommittee,Source,Property,Member Of Program Committee,"memberOfProgramCommittee refers to an individual who is a member of the program committee for a conference. The program committee is responsible for reviewing and selecting submissions, organizing the conference program, and ensuring the overall quality and success of the event. Members of the program committee are typically experts in the field related to the conference topic and play a crucial role in shaping the content and direction of the conference.",Has program committee member is the inverse of member of program committee. Member of Program Committee domain Program Committee Member. Member of Program Committee range Program Committee. Has program committee member inverse of member of program committee.
source:startReviewerBidding,Source,Property,start Reviewer Bidding,StartReviewerBidding is a process in which conference organizers invite potential reviewers to bid on papers they would like to review. This allows reviewers to express their interest in specific papers based on their expertise and availability. The startReviewerBidding function initiates this process and helps match papers with suitable reviewers.,Start reviewer bidding domain administrator. Start reviewer bidding range conference. Reviewer Bidding is the inverse of reviewer Bidding Started By. The bidding was started by the reviewer.
source:reviewerBiddingStartedBy,Source,Property,reviewer Bidding Started By,"In the context of a conference, reviewerBiddingStartedBy refers to the individual or entity that initiated the process of inviting reviewers to bid on papers or proposals for the conference. This could be the conference organizers, program chairs, or any other designated person responsible for managing the review process. The reviewerBiddingStartedBy field typically contains information about who initiated the reviewer bidding process and is used to track and manage the review process efficiently.",Reviewer bidding started by domain conference. Reviewer bidding started by is the inverse of start reviewer bidding. Reviewer bidding started by Range Administrator. Reviewer Bidding is the inverse of reviewer Bidding Started By.
source:assignReviewer,Source,Property,assign Reviewer,"In the context of a conference, ""assignReviewer"" refers to the process of selecting and assigning a reviewer to evaluate and provide feedback on a submitted paper or proposal. This task is typically carried out by the conference organizers or program committee to ensure that each submission receives a fair and thorough review by an expert in the field.","Assign reviewer is the inverse of assigned by administrator. Assign reviewer range reviewer. Assign reviewer domain administrator. Assigned by administrator, inverse of assign reviewer."
source:assignedByAdministrator,Source,Property,assigned By Administrator,"AssignedByAdministrator refers to the process of assigning tasks, roles, or responsibilities to participants or attendees of a conference by the administrator or organizer of the event. This could include assigning speaking slots, workshop facilitation roles, or other responsibilities to individuals based on their expertise, availability, or other criteria.","Assigned by administrator, range administrator. Assigned by administrator inverse of assign reviewer. Assigned by administrator domain reviewer. Assign reviewer is the inverse of assigned by administrator."
source:reviewCriteriaEnteredBy,Source,Property,review Criteria Entered By,"In the context of a conference, ""reviewCriteriaEnteredBy"" typically refers to the individual or entity responsible for entering the review criteria or evaluation criteria for a particular submission or proposal. This could be a reviewer, committee member, or administrator who is tasked with defining the specific criteria that will be used to evaluate the submissions or proposals received for the conference.",Review criteria entered by range administrator. Review criteria entered by inverse of enter review criteria. Review criteria entered by domain conference. Enter review criteria inverse of review criteria entered by.
source:enterReviewCriteria,Source,Property,enter Review Criteria,"In the context of a conference, ""enterReviewCriteria"" typically refers to the process of inputting or setting specific criteria or guidelines for reviewing and evaluating submissions, proposals, or presentations. This could include criteria such as relevance to the conference theme, originality, clarity of presentation, methodology, and overall quality. By entering review criteria, conference organizers or reviewers can ensure a consistent and fair evaluation process for all submissions.",Enter Review Criteria is the inverse of Review Criteria Entered By. Enter review criteria domain administrator. Enter review criteria range conference. Review criteria entered by inverse of enter review criteria.
source:hasCo-author,Source,Property,has Co-author,"In the context of a conference, ""hasCo-author"" refers to a person who has collaborated with another individual or group of individuals in writing a research paper, article, or presentation that is being presented at the conference. The term indicates that the work being presented is a joint effort between multiple authors.",Has co-author inverse of co-write paper. Has co-author range co-author. Has co-author domain paper. Co-write paper is the inverse of has co-author.
source:co-writePaper,Source,Property,co-write Paper,"Co-writePaper refers to the collaborative writing of a research paper or academic article by multiple authors. This typically involves researchers or scholars working together to contribute their expertise and insights to a shared document, which is then submitted for presentation or publication at a conference. Co-writing a paper allows for a more comprehensive and well-rounded exploration of a topic, drawing on the diverse perspectives and knowledge of each author involved.",Co-write paper is the inverse of has co-author. Co-write paper range paper. Co-write paper domain co-author. Has co-author inverse of co-write paper.
source:rejectPaper,Source,Property,reject Paper,"In the context of a conference, ""rejectPaper"" refers to the decision made by the conference organizers or reviewers to not accept a submitted paper for presentation at the conference. This decision is typically made based on the paper's quality, relevance to the conference theme, originality, and adherence to submission guidelines. Papers that are rejected may be deemed as not meeting the standards required for presentation at the conference.",Reject paper range paper. Reject paper is the inverse of rejected by. Reject paper domain administrator. Rejected by is the inverse of reject paper.
source:endReview,Source,Property,end Review,"EndReview typically refers to the conclusion of a review process, where the reviewers have completed their evaluation of a paper, presentation, or proposal. This may involve providing feedback, recommendations, and a final decision on the submission. The endReview stage marks the end of the review process and may lead to the acceptance or rejection of the submission.",End review domain program committee chair. End review range review.
source:hasBid,Source,Property,has Bid,"In the context of a conference, ""hasBid"" typically refers to a situation where a potential speaker or presenter has submitted a bid or proposal to participate in the conference. This bid may include details such as the topic they would like to speak about, their qualifications, and any other relevant information. The conference organizers will then review the bids and select the speakers or presenters that best fit the theme and goals of the conference.",Has bid domain paper. Bid range has Bid.
source:adjustBid,Source,Property,adjust Bid,"In the context of a conference, ""adjustBid"" typically refers to the process of modifying or changing the amount of money or resources allocated to a particular aspect of the conference, such as marketing, speakers, or venue expenses. This adjustment may be made in response to changes in budget constraints, attendance projections, or other factors that impact the overall success of the conference.",AdjustBid is the inverse of adjustedBy. Adjust bid domain reviewer. Adjust bid range bid. Adjusted by the inverse of adjust bid.
source:adjustedBy,Source,Property,adjusted By,"In the context of a conference, ""adjustedBy"" typically refers to a specific factor or variable that is taken into account when making adjustments or calculations. This could include adjustments to pricing, scheduling, attendance numbers, or any other relevant aspect of the conference. The term ""adjustedBy"" is used to indicate that a certain factor is being considered or taken into account when making decisions or changes related to the conference.",Adjusted by domain bid. Adjusted by range reviewer. Adjusted by the inverse of adjust bid. Adjust bid is the inverse of adjusted by.
source:readPaper,Source,Property,read Paper,"In the context of a conference, ""readPaper"" typically refers to the act of reviewing and analyzing a research paper submitted for presentation at the conference. This process involves carefully reading the paper, evaluating its quality, relevance, and contribution to the field, and providing feedback to the authors. Reviewers or program committee members are usually responsible for reading and assessing papers to determine which ones will be accepted for presentation at the conference.",Read paper is the inverse of read by reviewer. Read paper range paper. Read paper domain reviewer. Read by reviewer is the inverse of read paper.
source:hardcopyMailingManifestsPrintedBy,Source,Property,hardcopy Mailing Manifests Printed By,"In the context of a conference, ""hardcopyMailingManifestsPrintedBy"" likely refers to physical copies of mailing manifests that have been printed out. Mailing manifests are documents that list the recipients and details of items being sent through the mail, and in this case, they have been printed out in hardcopy form for distribution or reference at the conference.",Hardcopy mailing manifests printed by inverse of print hardcopy mailing manifests. Hardcopy mailing manifests printed by Domain Conference. Hardcopy mailing manifests printed by Range Administrator. Print hardcopy mailing manifests inverse of hardcopy mailing manifests printed by.
source:printHardcopyMailingManifests,Source,Property,Print Hardcopy Mailing Manifests,"PrintHardcopyMailingManifests refers to the process of printing physical copies of mailing manifests for a conference. These manifests typically include details such as attendee names, addresses, and other relevant information for mailing purposes. This process ensures that all necessary information is available in a tangible format for mailing purposes.",Print hardcopy mailing manifests for the range conference. Print hardcopy mailing manifests inverse of hardcopy mailing manifests printed by. Print hardcopy mailing manifests domain administrator. Hardcopy mailing manifests printed by inverse of print hardcopy mailing manifests.
source:markConflictOfInterest,Source,Property,Mark Conflict Of Interest,"In the context of a conference, markConflictOfInterest refers to the process of identifying and declaring any potential conflicts of interest between a reviewer and a specific paper. This helps ensure the integrity and impartiality of the review process by preventing reviewers with personal or professional connections to a paper from being involved in its evaluation.",Mark Conflict of Interest Range Paper.
source:enterConferenceDetails,Source,Property,enter Conference Details,"EnterConferenceDetails refers to the process of providing or inputting information related to a conference, such as the date, time, location, agenda, speakers, attendees, and any other relevant details. This information is typically entered into a system or platform to organize and manage the conference effectively.",Enter conference details domain administrator. Details entered by are the inverse of conference details. Enter conference details range conference. The details entered by are the inverse of entering conference details.
source:detailsEnteredBy,Source,Property,details Entered By,"In the context of a conference, detailsEnteredBy typically refers to the person or entity responsible for entering specific information or details into a system or database related to the conference. This could include details such as attendee information, session schedules, speaker bios, or any other relevant information needed for the conference. The detailsEnteredBy would be the individual or team responsible for inputting and maintaining this information accurately.",Details entered by domain conference. The details entered by are the inverse of entering conference details. Details entered by range administrator. Details entered by inverse of enter conference details.
source:hasBeenAssigned,Source,Property,has Been Assigned,"HasBeenAssigned typically refers to a task, role, or responsibility that has been given to a specific individual or group. In the context of a conference, it could refer to a speaker who has been assigned a specific topic to present on, a moderator who has been assigned to facilitate a panel discussion, or a participant who has been assigned a specific role or task during the event.","""HasBeenAssigned is the inverse of assignedTo."" Range Paper has been assigned. ""has been assigned domain Reviewer."" AssignedTo is the inverse of hasBeenAssigned."
source:assignedTo,Source,Property,assigned To,"In the context of a conference, ""assignedTo"" typically refers to the person or group of people who have been designated or allocated a specific task, responsibility, or role within the conference. This could include assigning someone to a particular session, workshop, presentation, or committee, or assigning someone to a specific role such as speaker, moderator, or organizer. The ""assignedTo"" field is often used in conference management systems or scheduling tools to keep track of who is responsible for what within the conference program.",Paper is assigned to domain. HasBeenAssigned has an inverse relationship with assignedTo. Assigned to range Reviewer. Has been assigned inverse of assigned to.
source:setMaxPapers,Source,Property,Max Papers,setMaxPapers is a function or parameter that allows the conference organizers to set a maximum number of papers that can be submitted or accepted for presentation at the conference. This helps to manage the number of submissions and ensure that the conference program is balanced and manageable.,Set max papers domain administrator. Set max papers range program committee member.
source:hasSubjectArea,Source,Property,has Subject Area,"In the context of a conference, ""hasSubjectArea"" refers to the specific topic or field of study that the conference is focused on. It is used to categorize and organize conferences based on their main subject matter or theme. For example, a conference on artificial intelligence may have the subject area of ""AI"" or ""Machine Learning"". This information helps attendees and researchers identify conferences that align with their interests and expertise.",The range of hasSubjectArea is SubjectArea. The domain Paper has subject area.
source:submitPaper,Source,Property,submit Paper,"In the context of a conference, ""submitPaper"" typically refers to the process of submitting a research paper or academic article for consideration to be presented at the conference. This involves sending the paper to the conference organizers for review and potential acceptance for presentation at the event.",Submit paper domain author. Submit paper range paper.
source:acceptPaper,Source,Property,accept Paper,"In the context of a conference, ""acceptPaper"" refers to the decision made by the conference organizers or program committee to accept a submitted paper for presentation at the conference. This decision is typically based on the quality, relevance, and originality of the paper as evaluated by peer reviewers. Papers that are accepted for presentation are usually included in the conference program and may be published in the conference proceedings.","Accept paper is the inverse of accepted by. Accept paper domain administrator. Accept paper range paper. The statement ""acceptedBy inverseOf acceptPaper"" ends with a full stop."
source:hasAuthor,Source,Property,has Author,"In the context of a conference, ""hasAuthor"" typically refers to a relationship between a document or paper and the person or persons who authored it. This property indicates that the individual or individuals listed as authors are responsible for creating the content of the document or paper. It is a way to link the author(s) to their work within the conference proceedings or program.",WritePaper is the inverse of hasAuthor. The property hasAuthor has a range of Author. The Paper hasAuthor. WritePaper is the inverse of hasAuthor.
source:addedBy,Source,Property,added By,"In the context of a conference, ""addedBy"" typically refers to the person who added a particular item, such as a speaker, session, or attendee, to the conference agenda or schedule. This information is often used for tracking purposes and to provide transparency about who made changes or additions to the conference program.",Added by domain ProgramCommitteeMember. Add program committee member is the inverse of added by. Range Administrator addedBy. Add Program Committee Member is the inverse of Added By.
source:acceptedBy,Source,Property,accepted By,"In the context of a conference, ""acceptedBy"" typically refers to the individual or committee responsible for reviewing and approving submissions, such as papers, presentations, or proposals, for inclusion in the conference program. This term is often used to indicate that a submission has been reviewed and accepted by the designated authority.",Accepted by range Administrator. The domain Paper is accepted. The property acceptedBy is the inverse of the property acceptPaper. Accept paper is the inverse of accepted by.
source:rejectedBy,Source,Property,rejected By,"In the context of a conference, ""rejectedBy"" typically refers to the person or entity who has declined or denied a submission, proposal, or application for participation in the conference. This could be a reviewer, committee, or organizer who has determined that the submission does not meet the criteria or standards set for the conference.",Paper is rejected by domain. Rejected by range Administrator. Rejected by is the inverse of reject paper. Reject paper is the inverse of rejected by.
source:readByMeta-Reviewer,Source,Property,read By Meta Reviewer,"In the context of a conference, ""readByMeta-Reviewer"" typically refers to the status of a paper or submission that has been reviewed by a meta-reviewer. A meta-reviewer is a senior reviewer or committee member who evaluates the reviews provided by other reviewers for a particular submission. When a submission is marked as ""readByMeta-Reviewer,"" it means that the meta-reviewer has read and considered the reviews and feedback provided by other reviewers before making a final decision on the submission.",Read by Meta-Reviewer range Meta-Reviewer. Read by meta-reviewer domain paper.
source:writtenBy,Source,Property,written By,"In the context of a conference, ""writtenBy"" typically refers to the author or authors of a particular paper, presentation, or document that is being discussed or referenced. It is used to attribute the work to the individual or group responsible for creating it.","The sentence is: ""Written by domain Review."" Verbalised: Written by domain Review. Written by Range Reviewer. WriteReview is the inverse of writtenBy. Write review is the inverse of written by."
source:writeReview,Source,Property,write Review,"In the context of a conference, ""writeReview"" typically refers to the act of writing a review or feedback on a presentation, session, or overall experience at the conference. This review can be used to provide constructive criticism, praise, or suggestions for improvement to the organizers and presenters. It helps in evaluating the success of the conference and making improvements for future events.",Write review range review. Write review domain reviewer. Write review is the inverse of written by. WriteReview is the inverse of writtenBy.
source:assignExternalReviewer,Source,Property,assign External Reviewer,"In the context of a conference, assignExternalReviewer refers to the process of selecting and assigning an external expert or reviewer to evaluate and provide feedback on a submitted paper or presentation. This external reviewer is typically someone who is not directly affiliated with the conference organizing committee or the authors of the submission, and is chosen for their expertise in the relevant field of study. The goal of assigning an external reviewer is to ensure a fair and unbiased evaluation of the submission.",Assign external reviewer is the inverse of assigned by reviewer. Assign external reviewer range external reviewer. Assign external reviewer domain reviewer. Assigned by reviewer is the inverse of assign external reviewer.
source:writePaper,Source,Property,write Paper,"In the context of a conference, ""writePaper"" typically refers to the process of preparing and submitting a research paper or academic article for presentation at the conference. This involves conducting research, writing the paper, formatting it according to the conference guidelines, and submitting it for review by the conference organizers. The paper is then typically presented by the author(s) at the conference as part of a panel or session.",Write paper domain author. WritePaper is the inverse of hasAuthor. Write paper range paper. The author has written a paper.
source:addProgramCommitteeMember,Source,Property,add Program Committee Member,"In the context of a conference, addProgramCommitteeMember refers to the action of adding a new member to the program committee of the conference. The program committee is responsible for reviewing and selecting submissions, organizing the conference program, and ensuring the overall quality of the conference. Adding a new member to the program committee can help bring in fresh perspectives, expertise, and diversity to the committee, ultimately enhancing the quality and success of the conference.",Add Program Committee Member domain Administrator. Add Program Committee Member range Program Committee Member. Add Program Committee Member inverse of added by. AddProgramCommitteeMember is the inverse of addedBy.
source:name,Source,Property,name,"In the context of a conference, the term ""name"" typically refers to the title or label given to a specific session, workshop, presentation, or event within the conference program. It helps attendees identify and navigate the various components of the conference schedule and choose which sessions they would like to attend based on their interests and objectives. Additionally, the name of a conference itself serves as a branding and marketing tool to attract participants and sponsors.",Name range string.
source:date,Source,Property,date,"In the context of a conference, the term ""date"" typically refers to the specific day or days on which the conference is scheduled to take place. This could include the start date, end date, and any additional dates for pre-conference workshops, social events, or other related activities. It is important for attendees, organizers, and presenters to be aware of the dates of the conference in order to make necessary arrangements and ensure their participation.",Date domain Conference. Date range date.
source:reviewsPerPaper,Source,Property,reviews Per Paper,"ReviewsPerPaper refers to the average number of reviews that each paper submitted to a conference receives. This metric is used to evaluate the thoroughness and quality of the peer review process at a conference. A higher ReviewsPerPaper value indicates that each paper is being reviewed by multiple reviewers, which can help ensure a more comprehensive evaluation of the research presented.",Reviews per paper domain conference. Reviews per paper range int.
source:paperID,Source,Property,paper ID,"In the context of a conference, a paperID is a unique identifier assigned to each paper submitted for presentation at the conference. This identifier is used to track and manage the submission throughout the review process, as well as to reference the paper in the conference program and proceedings.",Paper ID range is an unsigned long. PaperID domain Paper.
source:maxPapers,Source,Property,max Papers,MaxPapers refers to the maximum number of papers that can be submitted by an individual or organization for presentation at a conference. This limit is typically set by the conference organizers to ensure that there is a diverse range of topics and presenters at the event.,Max Papers domain Program Committee Member. MaxPapers range int.
source:email,Source,Property,email,"In the context of a conference, an email typically refers to a message sent electronically to communicate important information, updates, reminders, or announcements related to the conference. Organizers may use email to communicate with attendees, speakers, sponsors, and other stakeholders before, during, and after the event. Email is often used to distribute schedules, agendas, registration details, and other logistical information to ensure that participants are well-informed and prepared for the conference.",Email domain Person. Email range string.
source:logoURL,Source,Property,logo URL,"LogoURL refers to the web address or URL where the logo of a company or organization can be found. This is typically used in the context of conferences when organizers request the logoURL from sponsors or partners to include their logo in promotional materials, websites, or other conference materials.",Logo URL range any URI. The logo URL domain Conference.
source:acceptsHardcopySubmissions,Source,Property,accepts Hardcopy Submissions,"AcceptsHardcopySubmissions refers to the policy of a conference or organization to allow participants to submit their work in physical, printed form rather than electronically. This could include printed copies of research papers, posters, or other materials that are typically submitted digitally.",Accepts hard copy submissions range boolean. Accepts hard copy submissions for the conference.
source:title,Source,Property,title,"In the context of a conference, the title refers to the name or heading of a presentation, session, or paper that provides a brief description of the content or topic being discussed. The title is typically used to attract attendees and give them an idea of what to expect from the presentation or session. It is an important element in marketing and promoting the conference and its various components.",Title domain paper. Title range string.
source:siteURL,Source,Property,site URL,"SiteURL refers to the website address or URL where the conference is being hosted or where attendees can find more information about the conference. It is typically provided in promotional materials, registration forms, and communication with attendees.",Site URL range any URI. Site URL domain Conference.
target:Hotel,Target,Class,Hotel,"In the context of a conference, a hotel refers to a commercial establishment that provides lodging, meals, and other services for guests. Hotels are often used as venues for conferences, meetings, and events, as they typically have conference rooms, banquet facilities, and accommodations for attendees.",Hotel is a subclass of Place.
target:Place,Target,Class,Place,"In the context of a conference, ""place"" refers to the physical location where the conference is being held. This could be a hotel, convention center, university campus, or any other venue that has been chosen to host the event. The choice of place can have a significant impact on the overall experience of the conference for attendees, as it can affect factors such as accessibility, amenities, and the overall atmosphere of the event.",Hotel is a subclass of Place. The conference hall is a subclass of place. The main office is a subclass of place. Can stay in range place.
target:Abstract,Target,Class,Abstract,"In the context of a conference, an abstract is a brief summary of a research paper, presentation, or project that is submitted for consideration to be included in the conference program. The abstract typically includes a description of the research topic, methodology, results, and conclusions. It is used by conference organizers to evaluate the quality and relevance of submissions and to help attendees decide which presentations to attend.",Abstract is a subclass of Document.
target:Document,Target,Class,Document,"In the context of a conference, a document refers to any written or printed material that is used for reference, information, or communication during the event. This can include agendas, schedules, presentations, reports, handouts, and any other materials that are distributed to attendees or used by speakers during the conference. Documents are an important part of a conference as they help to provide structure, information, and support for the discussions and presentations taking place.",
target:Deadline_Abstract_Submission,Target,Class,Deadline Abstract Submission,"Deadline_Abstract_Submission refers to the final date by which authors or researchers must submit their abstracts for consideration for presentation at a conference. Abstracts typically provide a summary of the research or study that will be presented at the conference, and are used by organizers to select presentations for the event. Missing the deadline for abstract submission may result in the author not being able to present their work at the conference.",Deadline Abstract Submission is a subclass of Deadline.
target:Best_Applications_Paper_Award,Target,Class,Best Applications Paper Award,"The Best Applications Paper Award is an award given to the paper that demonstrates the most innovative and practical application of research in a specific field. This award recognizes papers that have made significant contributions to the field by showcasing how research can be applied to real-world problems or situations. The winner of this award is typically selected by a panel of judges based on criteria such as originality, impact, and relevance to the conference theme.",Best Applications Paper Award is a subclass of Award.
target:Award,Target,Class,Award,"An award in the context of a conference is a recognition or honor given to an individual, organization, or project for their outstanding achievements, contributions, or accomplishments in a particular field or industry. Awards are often presented during conferences to celebrate and showcase excellence, innovation, and success within the community.",Best Applications Paper Award is a subclass of Award. Best Student Paper Award is a subclass of Award. Best Research Paper Award is a subclass of Award. Obtain range Award. Awarded by domain Award. Award range Award.
target:Deadline_Paper_Submission,Target,Class,Deadline Paper Submission,Deadline_Paper_Submission refers to the final date by which authors must submit their research papers or articles for consideration to be presented at a conference. This deadline is typically set by the conference organizers to allow for the review and selection process to take place before the event. Papers submitted after the deadline may not be considered for presentation at the conference.,The deadline for paper submission is a subclass of deadline.
target:Deadline,Target,Class,Deadline,"In the context of a conference, a deadline refers to the date by which a certain task or action must be completed. This could include submitting a paper or abstract, registering for the conference, or making a payment. Missing a deadline may result in being unable to participate in the conference or having to pay additional fees.",Deadline_Paper_Submission is a subclass of Deadline. Deadline Author notification is a subclass of Deadline. Deadline Abstract Submission is a subclass of Deadline. Designed by domain deadline. Submit until range deadline. Design range deadline. Date domain Deadline.
target:Deadline_Author_notification,Target,Class,Deadline Author notification,Deadline_Author_notification refers to the date by which authors will be notified of the acceptance or rejection of their submitted papers for presentation at the conference. This deadline is typically set by the conference organizers to ensure that authors have enough time to make necessary arrangements for attending the conference if their paper is accepted.,Deadline Author notification is a subclass of Deadline. Notification until range deadline.
target:Webmaster,Target,Class,Web master,"A webmaster is a person responsible for maintaining and managing a website. This includes tasks such as updating content, monitoring site performance, ensuring security, and implementing any necessary changes or improvements. In the context of a conference, a webmaster may be responsible for creating and updating the conference website, managing online registration, and providing technical support for attendees accessing the website.",Webmaster is a subclass of Organizator.
target:Organizator,Target,Class,Organizator,"In the context of a conference, an organizator is a person or group responsible for planning, coordinating, and managing the event. They are in charge of arranging the venue, speakers, schedule, logistics, and other details to ensure the conference runs smoothly and successfully. The organizator may also be responsible for promoting the event, handling registrations, and overseeing the budget.",
target:Author_of_paper_student,Target,Class,Author of paper student,Author_of_paper_student refers to a student who has written a paper that is being presented at a conference. This designation indicates that the individual is a student and not a professional researcher or academic.,Author of paper student is a subclass of Author.
target:Best_Student_Paper_Award,Target,Class,Best Student Paper Award,The Best Student Paper Award is an award given to the student who has presented the best research paper at a conference. This award recognizes the outstanding work and contribution of a student in their field of study. It is often a prestigious honor and can help to boost the student's academic and professional reputation.,Best Student Paper Award is a subclass of Award.
target:Author,Target,Class,Author,"In the context of a conference, an author refers to an individual who has written or contributed to a paper, presentation, or research study that is being presented at the conference. The author is typically the primary creator of the work and is responsible for the content and findings presented in the paper or presentation.",Author is a subclass of Speaker. Author of paper student is a subclass of Author. Author of paper is a subclass of Author. Obtain domain Author. Submit domain Author. Notification until domain author.
target:ACM_SIGKDD,Target,Class,ACM SIGKDD,"ACM_SIGKDD stands for the Association for Computing Machinery's Special Interest Group on Knowledge Discovery and Data Mining. It is a professional organization that focuses on the advancement of the science and practice of knowledge discovery and data mining. The organization hosts conferences, workshops, and other events to bring together researchers, practitioners, and industry professionals in the field of data mining and knowledge discovery.",Holded by range ACM_SIGKDD. Hold domain ACM_SIGKDD. The range ACM_SIGKDD was designed by. Search domain ACM_SIGKDD. Design domain ACM_SIGKDD. Searched by range ACM_SIGKDD.
target:Conference,Target,Class,Conference,"A conference is a formal meeting where individuals gather to discuss a particular topic, share information, exchange ideas, and make decisions. Conferences can be held for various purposes such as academic research, business networking, professional development, or industry-specific discussions. They typically involve presentations, panel discussions, workshops, and networking opportunities for attendees.",Conference is held by the domain. Hold range Conference. Name of conference domain Conference. Start of conference domain Conference. City of conference domain Conference. End of conference domain Conference.
target:Sponzor,Target,Class,S,"A sponsor is an individual or organization that provides financial or other support for a conference in exchange for advertising or other benefits. Sponsors help cover the costs of organizing and hosting the conference, and in return, they receive visibility and recognition among attendees.",Exhibitor is a subclass of Sponsor. Bronze Supporter is a subclass of Sponsor. Platinum Supporter is a subclass of Sponsor. Gold Supporter is a subclass of Sponsor. Best_Student_Paper_Supporter subClassOf Sponzor. Silver_Supporter is a subclass of Sponzor. Search range Sponzor. Sponzor domain searched by. Name of sponsor domain Sponzor.
target:Exhibitor,Target,Class,Exhibitor,"An exhibitor is a company, organization, or individual that showcases their products, services, or information at a conference or trade show. Exhibitors typically have a booth or display area where they can interact with attendees, demonstrate their offerings, and generate leads or sales. Exhibitors play a key role in the overall success of a conference by providing valuable information and networking opportunities for attendees.",
target:Registration_SIGMOD_Member,Target,Class,Registration SIGMOD Member,Registration_SIGMOD_Member refers to the registration category for members of the Special Interest Group on Management of Data (SIGMOD) who are attending the conference. This category typically offers discounted registration fees for SIGMOD members.,Registration SIGMOD Member is a subclass of Registration fee.
target:Registration_fee,Target,Class,Registration fee,"Registration fee refers to the amount of money that attendees are required to pay in order to participate in a conference. This fee typically covers the cost of organizing the event, including venue rental, catering, materials, and other expenses. Attendees are usually required to pay the registration fee in advance in order to secure their spot at the conference.",Registration fee is a subclass of fee. Registration SIGMOD Member is a subclass of Registration fee. Registration Non-Member is a subclass of Registration fee. Registration SIGKDD Member is a subclass of Registration fee. Registration is a subclass of Registration fee. Pay range registration fee. Domain registration fee is payed by. Price domain Registration fee. Currency domain registration fee.
target:Person,Target,Class,Person,"In the context of a conference, a person refers to an individual who is attending or participating in the event. This could include speakers, presenters, attendees, organizers, and any other individuals involved in the conference. Each person plays a role in contributing to the overall success and experience of the conference.","Organizator is a subclass of Person. Speaker is a subclass of Person. Listener is a subclass of Person. Person, pay domain. Can stay in domain Person. Person range payed by. Nation domain Person. Name domain Person. E-mail domain Person."
target:Bronze_Supporter,Target,Class,Bronze Supporter,"Bronze_Supporter typically refers to a level of sponsorship or support for a conference or event. It is usually one of the lower tiers of support, with higher levels such as Silver, Gold, or Platinum offering more benefits and visibility. Bronze supporters may receive recognition on the conference website, signage at the event, or other promotional opportunities.",Bronze Supporter is a subclass of Sponsor.
target:Committee,Target,Class,Committee,"In the context of a conference, a committee is a group of individuals who are appointed or elected to oversee specific tasks or responsibilities related to the planning, organization, and execution of the conference. Committees may be responsible for various aspects of the conference, such as program development, logistics, marketing, sponsorship, and budgeting. Committees typically work together to ensure that the conference runs smoothly and successfully.",Best Paper Awards Committee is a subclass of Committee. Program Committee is a subclass of Committee. The Organizing_Committee is a subclass of Committee.
target:Platinum_Supporter,Target,Class,Platinum Supporter,"A Platinum Supporter is a company or organization that has provided a high level of financial support for a conference or event. In return for their support, Platinum Supporters typically receive prominent recognition and branding opportunities, as well as other benefits such as priority seating, exclusive networking opportunities, and additional marketing exposure.",Platinum Supporter is a subclass of Sponsor.
target:Conference_hall,Target,Class,Conference hall,"A conference hall is a large room or space specifically designed for hosting conferences, meetings, seminars, and other similar events. It typically includes seating arrangements, audiovisual equipment, and other amenities to accommodate a large number of attendees.",The conference hall is a subclass of place.
target:Best_Paper_Awards_Committee,Target,Class,Best Paper Awards Committee,"The Best Paper Awards Committee is a group of individuals responsible for selecting and awarding the best paper or papers presented at a conference. They typically review all submitted papers, evaluate them based on criteria such as originality, significance, and quality of research, and ultimately choose the winners of the best paper awards. This committee plays a crucial role in recognizing and promoting excellence in research within the conference community.",Best Paper Awards Committee is a subclass of Committee.
target:Program_Chair,Target,Class,Program Chair,"A Program Chair is a person responsible for overseeing the planning and organization of a conference program. This includes selecting speakers, coordinating presentation schedules, and ensuring that the conference runs smoothly. The Program Chair plays a key role in shaping the content and structure of the conference program to ensure that it meets the needs and interests of attendees.",Program Chair is a subclass of Organizator.
target:Main_office,Target,Class,Main office,"Main office typically refers to the central or primary location of a company or organization where key administrative and managerial functions are carried out. In the context of a conference, the main office may refer to the central hub or headquarters where conference organizers and key personnel are based, and where important decisions and coordination efforts are made. It may also refer to the main registration area or information desk where attendees can check in, get information, and receive assistance during the conference.",The main office is a subclass of place.
target:Registration_Non-Member,Target,Class,Registration Non Member,Registration_Non-Member refers to individuals who are not members of the organization hosting the conference but wish to attend the event. Non-members typically have to pay a higher registration fee compared to members.,Registration Non-Member is a subclass of Registration fee.
target:Fee,Target,Class,Fee,"In the context of a conference, a fee refers to the amount of money that attendees are required to pay in order to participate in the event. This fee typically covers the cost of organizing the conference, including venue rental, speaker fees, catering, and other expenses. Attendees may be required to pay a registration fee, which can vary depending on factors such as early bird registration, student discounts, and membership status.",Registration fee is a subclass of fee. Sponzor_fee is a subclass of Fee.
target:Review,Target,Class,Review,"In the context of a conference, a review typically refers to the evaluation or assessment of a submitted paper, presentation, or research project by peers or experts in the field. Reviews are often conducted to determine the quality, relevance, and originality of the work and to provide feedback to the authors for potential improvements. Reviews are an important part of the conference submission and selection process, as they help ensure the overall quality of the conference program.",Review subClassOf Document.
target:Sponzor_fee,Target,Class,Sponzor fee,"Sponzor_fee refers to the fee that a sponsor pays to participate in or support a conference. This fee typically includes benefits such as branding opportunities, speaking slots, exhibition space, and other promotional activities. Sponsors pay this fee in exchange for visibility and exposure to the conference attendees.",Sponzor_fee is a subclass of Fee.
target:Registration_SIGKDD_Member,Target,Class,Registration SIGKDD Member,Registration_SIGKDD_Member refers to the registration category for members of the Special Interest Group on Knowledge Discovery and Data Mining (SIGKDD) who are attending a conference. This category typically offers discounted registration fees for members of the SIGKDD community.,Registration SIGKDD Member is a subclass of Registration fee.
target:Program_Committee,Target,Class,Program Committee,"The Program Committee is a group of individuals responsible for reviewing and selecting the papers, presentations, and sessions that will be included in a conference program. They are typically experts in the field or topic of the conference and are tasked with ensuring the quality and relevance of the content that will be presented at the event. The Program Committee plays a crucial role in shaping the overall agenda and ensuring that the conference provides valuable and informative content for attendees.",Program_Committee is a subclass of Committee.
target:General_Chair,Target,Class,General Chair,"In the context of a conference, the General Chair is typically the person who is responsible for overseeing the overall organization and management of the conference. This individual is usually in charge of coordinating the various committees, managing the budget, selecting keynote speakers, and ensuring that the conference runs smoothly. The General Chair is often a senior member of the organizing committee and plays a key role in shaping the overall direction and success of the conference.",General Chair is a subclass of Organizator.
target:Speaker,Target,Class,Speaker,"In the context of a conference, a speaker is an individual who presents information, ideas, or opinions on a specific topic to an audience. Speakers are typically experts or professionals in their field and are invited to share their knowledge and insights with attendees at the conference. They may deliver a keynote address, lead a workshop or panel discussion, or participate in a Q&A session. Speakers play a crucial role in providing valuable content and engaging the audience during a conference.",
target:Gold_Supporter,Target,Class,Gold Supporter,"In the context of a conference, a Gold Supporter typically refers to a sponsor or exhibitor who has paid a higher level of sponsorship fee to support the event. Gold Supporters usually receive additional benefits and recognition compared to lower-tier sponsors, such as prominent logo placement, speaking opportunities, and increased visibility at the conference.",Gold Supporter is a subclass of Sponsor.
target:Registration_Student,Target,Class,Registration Student,"Registration_Student refers to the process of signing up or enrolling as a student for a conference. This typically involves providing personal information, selecting sessions or workshops to attend, and paying any associated fees. Students may be eligible for discounted registration rates at conferences.",Registration is a subclass of Registration fee.
target:Organizing_Committee,Target,Class,Organizing Committee,"The Organizing Committee is a group of individuals responsible for planning and coordinating all aspects of a conference or event. This committee is typically made up of volunteers or staff members who are tasked with selecting speakers, securing a venue, managing logistics, promoting the event, and ensuring that everything runs smoothly on the day of the conference. The Organizing Committee plays a crucial role in the success of the event by overseeing all the necessary details and making sure that the conference meets its objectives.",Organizing Committee is a subclass of Committee.
target:Listener,Target,Class,Listener,"In the context of a conference, a listener refers to an individual who attends the conference to listen to the presentations, discussions, and speeches without actively participating in the discussions or presenting their own work. Listeners typically attend conferences to gain knowledge, insights, and information from the speakers and presenters. They may also have the opportunity to ask questions during Q&A sessions or engage in networking with other attendees.",
target:Program_Committee_member,Target,Class,Program Committee member,A Program Committee member is an individual who is responsible for reviewing and selecting submissions for presentation at a conference. They play a crucial role in ensuring the quality and relevance of the content that is presented at the conference. Program Committee members are typically experts in their field and are chosen for their knowledge and expertise in the subject matter of the conference.,Program Committee member is a subclass of Organizator.
target:Invited_Speaker,Target,Class,Invited Speaker,"An Invited Speaker is a person who has been specifically asked to speak at a conference or event. They are typically experts in their field and are invited to share their knowledge, insights, and expertise with the audience. Invited Speakers are often chosen for their reputation, experience, and ability to engage and educate the audience.",Invited Speaker is a subclass of Speaker.
target:Best_Research_Paper_Award,Target,Class,Best Research Paper Award,"The Best Research Paper Award is a recognition given to the author(s) of a research paper that is deemed to be the most outstanding or impactful among all the papers presented at a conference. This award is typically based on criteria such as originality, significance of the research findings, methodology, and overall quality of the paper. Winning the Best Research Paper Award is considered a prestigious achievement in the academic community and can help to enhance the reputation and visibility of the authors' work.",Best Research Paper Award is a subclass of Award.
target:Best_Student_Paper_Supporter,Target,Class,Best Student Paper Supporter,"Best_Student_Paper_Supporter refers to an individual or organization that provides financial or other forms of support to recognize and reward the best student paper presented at a conference. This support may include a monetary prize, a certificate of recognition, or other forms of encouragement to promote excellence in student research and scholarship.",Best_Student_Paper_Supporter subClassOf Sponzor.
target:Paper,Target,Class,Paper,"In the context of a conference, a paper refers to a written document that presents research findings, analysis, or ideas on a specific topic. Papers are typically submitted by researchers, scholars, or experts in a particular field to be presented at a conference for discussion and dissemination of knowledge. Papers are often peer-reviewed before being accepted for presentation at a conference.",
target:Silver_Supporter,Target,Class,Silver Supporter,"In the context of a conference, a Silver Supporter typically refers to a level of sponsorship or support provided by a company or organization. This level of support is usually one of the lower tiers, with higher levels such as Gold or Platinum offering more benefits and visibility at the conference. Silver Supporters may receive recognition in conference materials, have their logo displayed on signage or promotional materials, and may have the opportunity to participate in certain conference activities or events.",Silver_Supporter is a subclass of Sponzor.
target:Organizing_Committee_member,Target,Class,Organizing Committee member,"An Organizing Committee member is an individual who is responsible for planning and coordinating various aspects of a conference or event. This may include selecting speakers, arranging logistics such as venue and catering, managing registration, and overseeing marketing and promotion efforts. Organizing Committee members work together to ensure the smooth execution of the conference and to create a successful and engaging experience for attendees.",Organizing Committee member is a subclass of Organizator.
target:Author_of_paper,Target,Class,Author of paper,"Author_of_paper refers to the individual or individuals who have written and contributed to a specific paper that is being presented at a conference. The author or authors are typically listed on the paper and are responsible for the research, writing, and findings presented in the paper. They are also usually the ones who present the paper at the conference and answer any questions or engage in discussions about their work.",Author of paper is a subclass of Author.
target:submit_until,Target,Property,submit until,Submit until typically refers to the deadline by which a participant must submit their work or proposal for consideration at a conference. It indicates the final date by which submissions will be accepted.,
target:award,Target,Property,award,"In the context of a conference, an award is a recognition or honor given to an individual, organization, or project for outstanding achievements, contributions, or accomplishments in a particular field or industry. Awards are often presented at conferences to celebrate excellence, innovation, and success within the community or industry being represented at the event.",Award is the inverse of awarded_by. Award range Award. Award is awarded by inverseOf award.
target:design,Target,Property,design,"In the context of a conference, design refers to the planning and arrangement of the event in terms of its layout, aesthetics, and overall presentation. This includes the design of promotional materials, signage, stage setup, and any other visual elements that contribute to the overall look and feel of the conference. Design also encompasses the user experience and functionality of the conference, ensuring that attendees have a seamless and engaging experience.",Design is the inverse of designed by. Design domain ACM_SIGKDD. Design range deadline. Design is the inverse of designed_by.
target:hold,Target,Property,hold,"In the context of a conference, ""hold"" typically refers to putting a meeting or discussion on pause or temporarily stopping the proceedings. This could be done to address technical issues, wait for a key participant to join, or take a break.",Hold is the inverse of being held. Hold domain ACM_SIGKDD. Hold range Conference. Hold is the inverse of being held.
target:search,Target,Property,search,"In the context of a conference, ""search"" typically refers to the process of looking for specific information, topics, or speakers within the conference program or schedule. This could involve using a search function on a conference app or website to find sessions related to a particular keyword or topic of interest. It can also refer to physically searching for a specific room or location within the conference venue.",Search inverseOf searched_by. Search domain ACM_SIGKDD. Search range Sponzor. Search is the inverse of being searched by.
target:pay,Target,Property,pay,"In the context of a conference, ""pay"" typically refers to the act of providing payment or fees in order to attend the conference or participate in certain activities or sessions within the conference. This payment may cover registration fees, ticket costs, accommodation expenses, or any other charges associated with attending the conference.","Pay range registration fee. Pay is the inverse of payed by. Person, pay domain. Pay is the inverse of being paid."
target:can_stay_in,Target,Property,can stay in,"In the context of a conference, ""can_stay_in"" typically refers to whether or not a participant or attendee has the option to stay overnight at the conference venue or at a designated accommodation provided by the conference organizers. This term is often used when discussing registration options or accommodations for attendees.",Can stay in domain Person. Can stay in range place.
target:awarded_by,Target,Property,awarded by,"In the context of a conference, ""awarded_by"" typically refers to the entity or organization that is responsible for giving out awards or recognition to individuals or groups for their achievements, contributions, or excellence in a particular field or category. This could be the conference organizers, sponsors, or a panel of judges.",Award is the inverse of awarded_by. Awarded by domain Award. Award is the inverse of awarded_by.
target:presentation,Target,Property,presentation,"In the context of a conference, a presentation refers to a formal talk or speech given by a speaker to an audience on a specific topic. Presentations are typically accompanied by visual aids such as slides, videos, or handouts to help convey information and engage the audience. Presentations are a common format for sharing research findings, discussing ideas, or showcasing projects at conferences.",Presentation is the inverse of being presented. Speaker presentation domain. Document presentation range. Presentationed by inverseOf presentation.
target:submit,Target,Property,submit,"In the context of a conference, ""submit"" typically refers to the act of sending or presenting a proposal, abstract, paper, or other type of submission for consideration by the conference organizers. This could include submitting a presentation proposal, a research paper, or an application to present at the conference.",
target:notification_until,Target,Property,notification until,"In the context of a conference, ""notification_until"" typically refers to the deadline by which participants or attendees must be notified about their acceptance or rejection for participation in the conference. This deadline is usually set by the organizers to ensure that all applicants receive a response within a specified timeframe.",Notification until domain author. Notification until range deadline author notification.
target:payed_by,Target,Property,payed by,"In the context of a conference, ""payed_by"" typically refers to who is responsible for covering the costs associated with attending the conference. This could include registration fees, travel expenses, accommodation, meals, and any other related costs. The term ""payed_by"" is used to specify whether the individual attendee, their employer, a sponsor, or another party is responsible for paying for the conference expenses.",Pay is the inverse of being paid. Person range payed by. Domain registration fee is payed by. Pay is the inverse of being payed by.
target:holded_by,Target,Property,holded by,"In the context of a conference, ""holded_by"" likely refers to the individual or organization responsible for hosting or organizing the conference. This could include managing logistics, securing speakers, coordinating schedules, and overseeing the overall planning and execution of the event.",Hold is the inverse of being held. Conference is held by the domain. Holded by range ACM_SIGKDD. Hold is the inverse of being held.
target:obtain,Target,Property,obtain,"In the context of a conference, ""obtain"" typically means to acquire or secure something, such as information, data, approval, or results. It can also refer to obtaining permission to do something or obtaining a certain outcome from a discussion or negotiation.",Obtain domain Author. Obtain range Award.
target:designed_by,Target,Property,designed by,"In the context of a conference, ""designed_by"" typically refers to the individual or team responsible for creating the visual design, branding, and overall aesthetic of the conference. This can include designing the logo, website, promotional materials, signage, and any other visual elements associated with the event. The ""designed_by"" credit is often given to acknowledge and highlight the creative work of the designers involved in shaping the conference's visual identity.",Design is the inverse of designed_by. The range ACM_SIGKDD was designed by. Designed by domain deadline. Design is the inverse of designed by.
target:presentationed_by,Target,Property,presentationed by,"Typo or misinterpretation, should be 'presenter' or 'speaker'",Speaker range presented by. Presentationed by domain Document. Presentationed by inverseOf presentation. Presentation is the inverse of being presented.
target:searched_by,Target,Property,searched by,"In the context of a conference, ""searched by"" typically refers to the process of conducting a search or investigation to find specific information, data, or resources related to a particular topic or subject. This could involve using search engines, databases, or other tools to gather relevant information for presentation or discussion at the conference.",
target:Price,Target,Property,Price,"In the context of a conference, the term ""price"" typically refers to the cost of attending the conference. This may include registration fees, accommodation costs, travel expenses, and any additional fees for workshops, networking events, or other activities associated with the conference. The price of a conference can vary depending on factors such as the location, duration, and level of amenities provided.",Price domain Registration fee. Price range int.
target:Name_of_conference,Target,Property,Name of conference,"Name_of_conference refers to the specific title or name given to a conference event. It is used to identify and distinguish one conference from another, and often reflects the theme, focus, or purpose of the event.",Name of conference domain Conference. Name of conference range string.
target:Nation,Target,Property,Nation,"In the context of a conference, the term ""Nation"" typically refers to a country or sovereign state. It can also refer to a group of people who share a common identity, culture, language, or history. In a conference setting, discussions about nations may involve topics such as international relations, diplomacy, trade agreements, and cooperation between countries.",Nation range string. Person domain Nation.
target:Name,Target,Property,Name,"In the context of a conference, ""Name"" typically refers to the full name of the attendee or participant. This information is often used for registration purposes, identification, and networking during the event. It is important for attendees to provide their full name accurately to ensure smooth communication and organization during the conference.",Name range string. Name domain Person.
target:Currency,Target,Property,Currency,"In the context of a conference, currency refers to the accepted form of payment for registration fees, merchandise, or any other expenses related to the event. This could include cash, credit cards, checks, or other forms of payment that the conference organizers have specified as acceptable.",
target:Name_of_sponsor,Target,Property,Name of sponsor,"Name_of_sponsor refers to the specific company or organization that is providing financial support or resources for a conference. Sponsors often have their logo displayed prominently at the event and may have the opportunity to promote their products or services to attendees. In exchange for their support, sponsors may receive benefits such as branding opportunities, speaking slots, or networking opportunities with conference participants.",Name of sponsor range string. Name of sponsor domain Sponzor.
target:Start_of_conference,Target,Property,Start of conference,"Start_of_conference refers to the beginning of a conference event or meeting. It typically includes opening remarks, introductions, and the start of presentations or discussions. This is the point at which the conference officially begins and attendees are expected to participate in the scheduled activities.",Start of conference range date time. Start of conference domain Conference.
target:E-mail,Target,Property,E-mail,"In the context of a conference, an email refers to a message sent electronically from one participant to another, typically for the purpose of sharing information, coordinating schedules, or discussing topics related to the conference. Email communication is often used to communicate important details, updates, and announcements before, during, and after the conference.",E-mail domain Person. E-mail range string.
target:Date,Target,Property,Date,"In the context of a conference, the term ""date"" typically refers to the specific day or days on which the conference is scheduled to take place. It could also refer to the deadline for submitting proposals, registration, or other important information related to the conference.",Date range dateTime. Date domain Deadline.
target:City_of_conference,Target,Property,City of conference,"City_of_conference refers to the location or city where a conference is taking place. It is the specific city where attendees will gather to participate in the conference sessions, workshops, and networking events. The city of the conference can play a significant role in attracting attendees and influencing the overall experience of the event.",City of conference domain Conference. City of conference range string.
target:End_of_conference,Target,Property,End of conference,"End_of_conference refers to the conclusion or end of a conference event. It signifies the end of all scheduled sessions, presentations, discussions, and activities that were planned for the conference. It may also include closing remarks, thank you messages, and any final announcements or acknowledgments.",End of conference range date time. End of conference domain Conference.
