Entity1,Entity2
http://cmt_ar#c-0625239-2425775,http://conference_de#c-4756237-0913680
http://cmt_ar#c-1232161-0048624,http://conference_de#c-8195847-6754106
http://cmt_ar#c-1753052-0526039,http://conference_de#c-1810344-8487780
http://cmt_ar#c-1776859-6098962,http://conference_de#c-6828546-9901709
http://cmt_ar#c-3194825-5346027,http://conference_de#c-6508590-8109709
http://cmt_ar#c-3714057-1039146,http://conference_de#c-1178842-2732173
http://cmt_ar#c-3930288-3644648,http://conference_de#c-7158328-5483937
http://cmt_ar#c-6407650-6197378,http://conference_de#c-5694210-3113803
http://cmt_ar#c-6407650-6197378,http://conference_de#c-3560304-9366401
http://cmt_ar#c-8335305-4555146,http://conference_de#c-2852856-4092117
http://cmt_ar#c-9476305-1556488,http://conference_de#c-7521012-9493261
http://cmt_ar#c-9541928-7173577,http://conference_de#c-2807153-3693543
http://cmt_ar#ent-9784858-1898461,http://conference_de#op-8125573-9330488
http://cmt_ar#op-4356631-9076520,http://conference_de#op-1945545-2946293
http://cmt_ar#op-9524919-6736172,http://conference_de#op-4621167-8649272
