LLM,Alignment,Precision,Recall,F1
gpt-4o-2024-05-13,anatomy/mouse-human-suite/component/source_no_validation,48.34,93.01,63.61
gpt-4o-2024-05-13,anatomy/mouse-human-suite/component/source,82.97,91.89,87.20
gpt-4o-2024-05-13,anatomy/mouse-human-suite/component/target_no_validation,46.59,94.53,62.41
gpt-4o-2024-05-13,anatomy/mouse-human-suite/component/target,85.50,92.15,88.70
gpt-4o-2024-05-13,anatomy/mouse-human-suite/component/no_validation,88.46,90.50,89.47
gpt-4o-2024-05-13,anatomy/mouse-human-suite/component/llm_with_agent,95.54,88.92,92.11
gpt-4o-2024-05-13,anatomy/mouse-human-suite/component/llm_with_agent_filter,87.21,71.38,78.50
gpt-4o-2024-05-13,mse/MaterialInformationReduced-MatOnto/component/source_no_validation,16.67,13.04,14.63
gpt-4o-2024-05-13,mse/MaterialInformationReduced-MatOnto/component/source,42.86,13.04,20.00
gpt-4o-2024-05-13,mse/MaterialInformationReduced-MatOnto/component/target_no_validation,6.00,13.04,8.22
gpt-4o-2024-05-13,mse/MaterialInformationReduced-MatOnto/component/target,37.50,13.04,19.35
gpt-4o-2024-05-13,mse/MaterialInformationReduced-MatOnto/component/no_validation,18.75,13.04,15.38
gpt-4o-2024-05-13,mse/MaterialInformationReduced-MatOnto/component/llm_with_agent,42.86,13.04,20.00
gpt-4o-2024-05-13,mse/MaterialInformation-MatOnto/component/source_no_validation,40.53,60.93,48.68
gpt-4o-2024-05-13,mse/MaterialInformation-MatOnto/component/source,84.18,49.34,62.21
gpt-4o-2024-05-13,mse/MaterialInformation-MatOnto/component/target_no_validation,42.11,83.11,55.90
gpt-4o-2024-05-13,mse/MaterialInformation-MatOnto/component/target,84.15,79.14,81.57
gpt-4o-2024-05-13,mse/MaterialInformation-MatOnto/component/no_validation,67.19,56.95,61.65
gpt-4o-2024-05-13,mse/MaterialInformation-MatOnto/component/llm_with_agent,92.00,45.70,61.06
gpt-4o-2024-05-13,mse/MaterialInformation-EMMO/component/source_no_validation,22.14,98.41,36.15
gpt-4o-2024-05-13,mse/MaterialInformation-EMMO/component/source,68.60,93.65,79.19
gpt-4o-2024-05-13,mse/MaterialInformation-EMMO/component/target_no_validation,22.14,98.41,36.15
gpt-4o-2024-05-13,mse/MaterialInformation-EMMO/component/target,61.29,90.48,73.08
gpt-4o-2024-05-13,mse/MaterialInformation-EMMO/component/no_validation,59.62,98.41,74.25
gpt-4o-2024-05-13,mse/MaterialInformation-EMMO/component/llm_with_agent,86.36,90.48,88.37
gpt-4o-2024-05-13,conference/cmt-conference/component/source_no_validation,19.35,80.00,31.17
gpt-4o-2024-05-13,conference/cmt-conference/component/source,60.00,40.00,48.00
gpt-4o-2024-05-13,conference/cmt-conference/component/target_no_validation,14.77,86.67,25.24
gpt-4o-2024-05-13,conference/cmt-conference/component/target,35.29,40.00,37.50
gpt-4o-2024-05-13,conference/cmt-conference/component/no_validation,34.38,73.33,46.81
gpt-4o-2024-05-13,conference/cmt-conference/component/llm_with_agent,55.56,33.33,41.67
gpt-4o-2024-05-13,conference/cmt-confof/component/source_no_validation,17.07,43.75,24.56
gpt-4o-2024-05-13,conference/cmt-confof/component/source,70.00,43.75,53.85
gpt-4o-2024-05-13,conference/cmt-confof/component/target_no_validation,20.00,56.25,29.51
gpt-4o-2024-05-13,conference/cmt-confof/component/target,54.55,37.50,44.44
gpt-4o-2024-05-13,conference/cmt-confof/component/no_validation,35.29,37.50,36.36
gpt-4o-2024-05-13,conference/cmt-confof/component/llm_with_agent,66.67,37.50,48.00
gpt-4o-2024-05-13,conference/cmt-edas/component/source_no_validation,15.15,76.92,25.32
gpt-4o-2024-05-13,conference/cmt-edas/component/source,69.23,69.23,69.23
gpt-4o-2024-05-13,conference/cmt-edas/component/target_no_validation,11.24,76.92,19.61
gpt-4o-2024-05-13,conference/cmt-edas/component/target,47.37,69.23,56.25
gpt-4o-2024-05-13,conference/cmt-edas/component/no_validation,38.46,76.92,51.28
gpt-4o-2024-05-13,conference/cmt-edas/component/llm_with_agent,81.82,69.23,75.00
gpt-4o-2024-05-13,conference/cmt-ekaw/component/source_no_validation,12.07,63.64,20.29
gpt-4o-2024-05-13,conference/cmt-ekaw/component/source,33.33,54.55,41.38
gpt-4o-2024-05-13,conference/cmt-ekaw/component/target_no_validation,11.11,72.73,19.28
gpt-4o-2024-05-13,conference/cmt-ekaw/component/target,28.57,54.55,37.50
gpt-4o-2024-05-13,conference/cmt-ekaw/component/no_validation,30.43,63.64,41.18
gpt-4o-2024-05-13,conference/cmt-ekaw/component/llm_with_agent,50.00,54.55,52.17
gpt-4o-2024-05-13,conference/cmt-iasted/component/source_no_validation,10.26,100.00,18.60
gpt-4o-2024-05-13,conference/cmt-iasted/component/source,57.14,100.00,72.73
gpt-4o-2024-05-13,conference/cmt-iasted/component/target_no_validation,9.76,100.00,17.78
gpt-4o-2024-05-13,conference/cmt-iasted/component/target,33.33,100.00,50.00
gpt-4o-2024-05-13,conference/cmt-iasted/component/no_validation,26.67,100.00,42.11
gpt-4o-2024-05-13,conference/cmt-iasted/component/llm_with_agent,80.00,100.00,88.89
gpt-4o-2024-05-13,conference/cmt-sigkdd/component/source_no_validation,29.27,100.00,45.28
gpt-4o-2024-05-13,conference/cmt-sigkdd/component/source,73.33,91.67,81.48
gpt-4o-2024-05-13,conference/cmt-sigkdd/component/target_no_validation,29.27,100.00,45.28
gpt-4o-2024-05-13,conference/cmt-sigkdd/component/target,68.75,91.67,78.57
gpt-4o-2024-05-13,conference/cmt-sigkdd/component/no_validation,66.67,100.00,80.00
gpt-4o-2024-05-13,conference/cmt-sigkdd/component/llm_with_agent,78.57,91.67,84.62
gpt-4o-2024-05-13,conference/conference-confof/component/source_no_validation,17.44,100.00,29.70
gpt-4o-2024-05-13,conference/conference-confof/component/source,71.43,66.67,68.97
gpt-4o-2024-05-13,conference/conference-confof/component/target_no_validation,26.09,80.00,39.34
gpt-4o-2024-05-13,conference/conference-confof/component/target,75.00,60.00,66.67
gpt-4o-2024-05-13,conference/conference-confof/component/no_validation,44.44,80.00,57.14
gpt-4o-2024-05-13,conference/conference-confof/component/llm_with_agent,81.82,60.00,69.23
gpt-4o-2024-05-13,conference/conference-edas/component/source_no_validation,14.81,94.12,25.60
gpt-4o-2024-05-13,conference/conference-edas/component/source,40.91,52.94,46.15
gpt-4o-2024-05-13,conference/conference-edas/component/target_no_validation,14.58,82.35,24.78
gpt-4o-2024-05-13,conference/conference-edas/component/target,45.45,58.82,51.28
gpt-4o-2024-05-13,conference/conference-edas/component/no_validation,37.84,82.35,51.85
gpt-4o-2024-05-13,conference/conference-edas/component/llm_with_agent,64.29,52.94,58.06
gpt-4o-2024-05-13,conference/conference-ekaw/component/source_no_validation,20.39,84.00,32.81
gpt-4o-2024-05-13,conference/conference-ekaw/component/source,42.31,44.00,43.14
gpt-4o-2024-05-13,conference/conference-ekaw/component/target_no_validation,20.21,76.00,31.93
gpt-4o-2024-05-13,conference/conference-ekaw/component/target,38.24,52.00,44.07
gpt-4o-2024-05-13,conference/conference-ekaw/component/no_validation,40.43,76.00,52.78
gpt-4o-2024-05-13,conference/conference-ekaw/component/llm_with_agent,58.82,40.00,47.62
gpt-4o-2024-05-13,conference/conference-iasted/component/source_no_validation,12.68,64.29,21.18
gpt-4o-2024-05-13,conference/conference-iasted/component/source,57.14,57.14,57.14
gpt-4o-2024-05-13,conference/conference-iasted/component/target_no_validation,8.22,42.86,13.79
gpt-4o-2024-05-13,conference/conference-iasted/component/target,33.33,35.71,34.48
gpt-4o-2024-05-13,conference/conference-iasted/component/no_validation,22.22,42.86,29.27
gpt-4o-2024-05-13,conference/conference-iasted/component/llm_with_agent,62.50,35.71,45.45
gpt-4o-2024-05-13,conference/conference-sigkdd/component/source_no_validation,19.74,100.00,32.97
gpt-4o-2024-05-13,conference/conference-sigkdd/component/source,45.45,66.67,54.05
gpt-4o-2024-05-13,conference/conference-sigkdd/component/target_no_validation,31.82,93.33,47.46
gpt-4o-2024-05-13,conference/conference-sigkdd/component/target,60.00,60.00,60.00
gpt-4o-2024-05-13,conference/conference-sigkdd/component/no_validation,51.85,93.33,66.67
gpt-4o-2024-05-13,conference/conference-sigkdd/component/llm_with_agent,75.00,60.00,66.67
gpt-4o-2024-05-13,conference/confof-edas/component/source_no_validation,26.67,84.21,40.51
gpt-4o-2024-05-13,conference/confof-edas/component/source,52.00,68.42,59.09
gpt-4o-2024-05-13,conference/confof-edas/component/target_no_validation,17.39,84.21,28.83
gpt-4o-2024-05-13,conference/confof-edas/component/target,43.33,68.42,53.06
gpt-4o-2024-05-13,conference/confof-edas/component/no_validation,41.67,78.95,54.55
gpt-4o-2024-05-13,conference/confof-edas/component/llm_with_agent,54.55,63.16,58.54
gpt-4o-2024-05-13,conference/confof-ekaw/component/source_no_validation,37.50,90.00,52.94
gpt-4o-2024-05-13,conference/confof-ekaw/component/source,75.00,60.00,66.67
gpt-4o-2024-05-13,conference/confof-ekaw/component/target_no_validation,22.86,80.00,35.56
gpt-4o-2024-05-13,conference/confof-ekaw/component/target,56.52,65.00,60.47
gpt-4o-2024-05-13,conference/confof-ekaw/component/no_validation,61.54,80.00,69.57
gpt-4o-2024-05-13,conference/confof-ekaw/component/llm_with_agent,84.62,55.00,66.67
gpt-4o-2024-05-13,conference/confof-iasted/component/source_no_validation,18.18,66.67,28.57
gpt-4o-2024-05-13,conference/confof-iasted/component/source,71.43,55.56,62.50
gpt-4o-2024-05-13,conference/confof-iasted/component/target_no_validation,12.77,66.67,21.43
gpt-4o-2024-05-13,conference/confof-iasted/component/target,66.67,44.44,53.33
gpt-4o-2024-05-13,conference/confof-iasted/component/no_validation,27.27,66.67,38.71
gpt-4o-2024-05-13,conference/confof-iasted/component/llm_with_agent,80.00,44.44,57.14
gpt-4o-2024-05-13,conference/confof-sigkdd/component/source_no_validation,26.92,100.00,42.42
gpt-4o-2024-05-13,conference/confof-sigkdd/component/source,87.50,100.00,93.33
gpt-4o-2024-05-13,conference/confof-sigkdd/component/target_no_validation,25.00,100.00,40.00
gpt-4o-2024-05-13,conference/confof-sigkdd/component/target,75.00,85.71,80.00
gpt-4o-2024-05-13,conference/confof-sigkdd/component/no_validation,43.75,100.00,60.87
gpt-4o-2024-05-13,conference/confof-sigkdd/component/llm_with_agent,85.71,85.71,85.71
gpt-4o-2024-05-13,conference/edas-ekaw/component/source_no_validation,17.27,82.61,28.57
gpt-4o-2024-05-13,conference/edas-ekaw/component/source,55.17,69.57,61.54
gpt-4o-2024-05-13,conference/edas-ekaw/component/target_no_validation,19.39,82.61,31.40
gpt-4o-2024-05-13,conference/edas-ekaw/component/target,42.42,60.87,50.00
gpt-4o-2024-05-13,conference/edas-ekaw/component/no_validation,48.65,78.26,60.00
gpt-4o-2024-05-13,conference/edas-ekaw/component/llm_with_agent,68.42,56.52,61.90
gpt-4o-2024-05-13,conference/edas-iasted/component/source_no_validation,21.54,73.68,33.33
gpt-4o-2024-05-13,conference/edas-iasted/component/source,34.62,47.37,40.00
gpt-4o-2024-05-13,conference/edas-iasted/component/target_no_validation,19.74,78.95,31.58
gpt-4o-2024-05-13,conference/edas-iasted/component/target,34.48,52.63,41.67
gpt-4o-2024-05-13,conference/edas-iasted/component/no_validation,43.33,68.42,53.06
gpt-4o-2024-05-13,conference/edas-iasted/component/llm_with_agent,50.00,47.37,48.65
gpt-4o-2024-05-13,conference/edas-sigkdd/component/source_no_validation,19.72,93.33,32.56
gpt-4o-2024-05-13,conference/edas-sigkdd/component/source,42.86,60.00,50.00
gpt-4o-2024-05-13,conference/edas-sigkdd/component/target_no_validation,32.61,100.00,49.18
gpt-4o-2024-05-13,conference/edas-sigkdd/component/target,63.16,80.00,70.59
gpt-4o-2024-05-13,conference/edas-sigkdd/component/no_validation,53.85,93.33,68.29
gpt-4o-2024-05-13,conference/edas-sigkdd/component/llm_with_agent,75.00,60.00,66.67
gpt-4o-2024-05-13,conference/ekaw-iasted/component/source_no_validation,14.93,100.00,25.97
gpt-4o-2024-05-13,conference/ekaw-iasted/component/source,32.00,80.00,45.71
gpt-4o-2024-05-13,conference/ekaw-iasted/component/target_no_validation,12.99,100.00,22.99
gpt-4o-2024-05-13,conference/ekaw-iasted/component/target,42.11,80.00,55.17
gpt-4o-2024-05-13,conference/ekaw-iasted/component/no_validation,38.46,100.00,55.56
gpt-4o-2024-05-13,conference/ekaw-iasted/component/llm_with_agent,61.54,80.00,69.57
gpt-4o-2024-05-13,conference/ekaw-sigkdd/component/source_no_validation,14.71,90.91,25.32
gpt-4o-2024-05-13,conference/ekaw-sigkdd/component/source,32.14,81.82,46.15
gpt-4o-2024-05-13,conference/ekaw-sigkdd/component/target_no_validation,27.03,90.91,41.67
gpt-4o-2024-05-13,conference/ekaw-sigkdd/component/target,66.67,90.91,76.92
gpt-4o-2024-05-13,conference/ekaw-sigkdd/component/no_validation,34.62,81.82,48.65
gpt-4o-2024-05-13,conference/ekaw-sigkdd/component/llm_with_agent,69.23,81.82,75.00
gpt-4o-2024-05-13,conference/iasted-sigkdd/component/source_no_validation,14.29,86.67,24.53
gpt-4o-2024-05-13,conference/iasted-sigkdd/component/source,68.42,86.67,76.47
gpt-4o-2024-05-13,conference/iasted-sigkdd/component/target_no_validation,25.00,93.33,39.44
gpt-4o-2024-05-13,conference/iasted-sigkdd/component/target,65.00,86.67,74.29
gpt-4o-2024-05-13,conference/iasted-sigkdd/component/no_validation,35.29,80.00,48.98
gpt-4o-2024-05-13,conference/iasted-sigkdd/component/llm_with_agent,76.47,86.67,81.25
